Customer_ID,Credit_Score,Annual_Income,Existing_Loan_Amount,Loan_Defaults,Business_Revenue,Industry_Type,Years_in_Business,Debt_to_Income_Ratio,Loan_Offer_Amount,Segment
CUST_1,602,131488,13918,0,839352,Manufacturing,18,0.10584996349476758,0.0,Not Eligible
CUST_2,848,154415,20119,0,534410,Manufacturing,2,0.13029174626817344,50000.0,Premium Offer
CUST_3,770,164572,27446,2,819666,Retail,29,0.16677199037503343,0.0,Not Eligible
CUST_4,606,49375,13046,0,391705,Tech,21,0.26422278481012657,0.0,Not Eligible
CUST_5,571,160734,24818,1,845378,Manufacturing,15,0.15440417086615152,0.0,Not Eligible
CUST_6,688,36964,35358,1,275314,Tech,20,0.9565523211773618,9241.0,Basic Offer
CUST_7,520,133429,4324,0,488716,Manufacturing,27,0.0324067481581965,0.0,Not Eligible
CUST_8,602,87215,10787,1,809900,Services,18,0.12368285272028894,0.0,Not Eligible
CUST_9,621,89042,9111,0,852741,Services,15,0.10232249949462052,0.0,Not Eligible
CUST_10,714,164356,38110,2,629518,Manufacturing,19,0.23187471099320986,0.0,Not Eligible
CUST_11,830,113468,16389,2,948254,Services,23,0.14443719815278316,0.0,Not Eligible
CUST_12,587,29435,41427,1,541872,Manufacturing,24,1.4074061491421777,0.0,Not Eligible
CUST_13,872,195150,14043,0,566998,Services,12,0.07196003074558033,50000.0,Premium Offer
CUST_14,599,98832,28746,0,997531,Retail,13,0.29085721223895095,0.0,Not Eligible
CUST_15,859,71293,22350,1,569984,Retail,22,0.31349501353569076,17823.25,Basic Offer
CUST_16,651,98781,41605,2,515757,Retail,11,0.42118423583482656,0.0,Not Eligible
CUST_17,630,180196,117,1,424484,Tech,5,0.0006492929920752958,0.0,Not Eligible
CUST_18,649,63919,46685,2,558062,Tech,29,0.7303775090348723,0.0,Not Eligible
CUST_19,808,186319,18935,0,633609,Retail,1,0.10162677987752189,50000.0,Premium Offer
CUST_20,757,141172,47077,2,182028,Tech,24,0.3334726433003712,0.0,Not Eligible
CUST_21,843,114758,13234,1,281447,Services,3,0.11532093623102528,28689.5,Standard Offer
CUST_22,793,76573,38328,0,910563,Manufacturing,22,0.5005419664894937,30629.2,Standard Offer
CUST_23,885,79101,846,1,491124,Manufacturing,19,0.0106951871657754,19775.25,Basic Offer
CUST_24,691,46646,10954,1,862395,Manufacturing,23,0.2348325687089997,11661.5,Basic Offer
CUST_25,776,124185,13703,2,676045,Retail,29,0.11034343922373878,0.0,Not Eligible
CUST_26,660,43049,48153,1,482659,Tech,7,1.118562568236196,10762.25,Basic Offer
CUST_27,813,118116,46514,2,935691,Services,12,0.39379931592671613,0.0,Not Eligible
CUST_28,521,117379,22700,0,351207,Services,15,0.1933906405745491,0.0,Not Eligible
CUST_29,752,88385,32043,2,426369,Retail,25,0.3625388923459863,0.0,Not Eligible
CUST_30,735,146131,6469,0,428544,Services,5,0.044268498812709146,30000.0,Standard Offer
CUST_31,844,191230,30105,2,392962,Services,15,0.15742822778852691,0.0,Not Eligible
CUST_32,548,43289,42101,1,316847,Services,8,0.9725565386125805,0.0,Not Eligible
CUST_33,558,130226,26386,2,770488,Services,10,0.20261698892694238,0.0,Not Eligible
CUST_34,669,120793,49376,2,646387,Tech,26,0.40876540859155747,0.0,Not Eligible
CUST_35,687,29823,45587,0,469065,Services,16,1.528585320054991,7455.75,Basic Offer
CUST_36,770,61975,36976,1,737220,Manufacturing,8,0.596627672448568,15493.75,Basic Offer
CUST_37,689,29540,39051,2,81585,Retail,1,1.3219702098849018,0.0,Not Eligible
CUST_38,674,36364,2048,1,465231,Tech,12,0.056319436805631944,9091.0,Basic Offer
CUST_39,550,155683,39001,2,617873,Services,5,0.2505154705394937,0.0,Not Eligible
CUST_40,863,47663,12941,2,339102,Tech,3,0.2715103959045801,0.0,Not Eligible
CUST_41,554,71991,45375,1,338161,Services,1,0.6302871192232362,0.0,Not Eligible
CUST_42,743,124182,42533,2,436821,Manufacturing,4,0.342505355043404,0.0,Not Eligible
CUST_43,819,182049,1828,1,979705,Retail,8,0.010041252629786486,30000.0,Standard Offer
CUST_44,630,114704,1917,2,865858,Services,3,0.01671258195006277,0.0,Not Eligible
CUST_45,806,69115,20618,0,329922,Services,10,0.298314403530348,27646.0,Standard Offer
CUST_46,634,111007,32254,1,750601,Services,2,0.29055825308313893,0.0,Not Eligible
CUST_47,520,169143,39756,2,92229,Services,11,0.23504372040226318,0.0,Not Eligible
CUST_48,828,31938,47362,2,136652,Retail,25,1.482935687895297,0.0,Not Eligible
CUST_49,666,186267,20128,0,964699,Retail,10,0.10805993546897733,30000.0,Standard Offer
CUST_50,773,111680,45745,1,299474,Manufacturing,21,0.4096078080229226,27920.0,Standard Offer
CUST_51,887,24000,9,2,753724,Retail,14,0.000375,0.0,Not Eligible
CUST_52,588,121042,16644,0,962935,Services,7,0.13750598965648286,0.0,Not Eligible
CUST_53,815,113610,22422,2,310116,Manufacturing,27,0.19735938737787168,0.0,Not Eligible
CUST_54,513,123691,9865,1,921310,Manufacturing,27,0.07975519641687755,0.0,Not Eligible
CUST_55,741,58304,2219,2,893488,Manufacturing,2,0.03805913830954995,0.0,Not Eligible
CUST_56,764,89449,39809,2,994994,Services,9,0.44504689823251237,0.0,Not Eligible
CUST_57,845,102986,5287,2,570985,Tech,16,0.051337074942225155,0.0,Not Eligible
CUST_58,552,171836,34387,2,69975,Services,13,0.20011522614586,0.0,Not Eligible
CUST_59,885,128940,8512,0,207795,Retail,9,0.06601520086862106,50000.0,Premium Offer
CUST_60,839,58494,1342,0,466495,Retail,20,0.022942524019557563,23397.600000000002,Standard Offer
CUST_61,591,23373,43336,1,259373,Services,4,1.8541051640782098,0.0,Not Eligible
CUST_62,866,163233,19216,0,979065,Services,22,0.11772129410107025,50000.0,Premium Offer
CUST_63,763,117532,27534,0,247133,Manufacturing,10,0.23426811421570296,47012.8,Premium Offer
CUST_64,534,112658,14231,1,924829,Services,26,0.12632036783894618,0.0,Not Eligible
CUST_65,705,143633,32293,0,754513,Manufacturing,26,0.22482994854942806,30000.0,Standard Offer
CUST_66,580,120386,26614,0,345286,Retail,22,0.22107221769973254,0.0,Not Eligible
CUST_67,549,47350,36258,1,863348,Manufacturing,12,0.7657444561774023,0.0,Not Eligible
CUST_68,859,113008,28253,1,638612,Services,17,0.25000884893104913,28252.0,Standard Offer
CUST_69,887,114297,42078,1,226037,Retail,14,0.36814614556812514,28574.25,Standard Offer
CUST_70,501,45351,40752,2,438076,Tech,14,0.8985909902758484,0.0,Not Eligible
CUST_71,889,108668,17988,2,710008,Manufacturing,25,0.16553171126734642,0.0,Not Eligible
CUST_72,553,134585,31037,1,740493,Retail,2,0.23061262399227253,0.0,Not Eligible
CUST_73,605,166377,12219,1,670347,Manufacturing,21,0.07344164157305397,0.0,Not Eligible
CUST_74,759,95353,235,1,672605,Retail,25,0.0024645265487189707,23838.25,Standard Offer
CUST_75,809,85953,42929,2,775495,Retail,20,0.499447372401196,0.0,Not Eligible
CUST_76,690,77458,1908,2,347190,Manufacturing,11,0.024632704175165897,0.0,Not Eligible
CUST_77,717,40358,8567,0,490280,Tech,16,0.21227513751920313,10089.5,Basic Offer
CUST_78,543,23267,36298,0,151459,Retail,19,1.5600636094038767,0.0,Not Eligible
CUST_79,661,102745,5256,1,811985,Retail,23,0.05115577400360115,25686.25,Standard Offer
CUST_80,701,109588,19019,2,250422,Retail,6,0.17355002372522538,0.0,Not Eligible
CUST_81,769,58513,8162,2,882325,Tech,24,0.13949036966144276,0.0,Not Eligible
CUST_82,850,177164,5415,2,151520,Tech,19,0.0305649003183491,0.0,Not Eligible
CUST_83,803,31338,36159,1,962250,Services,5,1.1538387899674516,7834.5,Basic Offer
CUST_84,770,151484,43925,0,635560,Manufacturing,26,0.2899646167251987,50000.0,Premium Offer
CUST_85,714,27543,5951,1,797512,Tech,4,0.21606215735395562,6885.75,Basic Offer
CUST_86,751,125891,21852,0,566123,Manufacturing,15,0.17357873080680908,50000.0,Premium Offer
CUST_87,689,184568,8007,0,379793,Services,29,0.04338238481210177,30000.0,Standard Offer
CUST_88,795,80692,41832,1,376818,Manufacturing,4,0.5184157041590245,20173.0,Standard Offer
CUST_89,712,64425,30523,0,194832,Tech,20,0.4737757081878153,16106.25,Basic Offer
CUST_90,707,58756,23325,0,202999,Manufacturing,10,0.3969807338824971,14689.0,Basic Offer
CUST_91,736,38888,21204,2,398619,Tech,24,0.5452581773297676,0.0,Not Eligible
CUST_92,837,186807,15524,0,111367,Manufacturing,22,0.08310181095997474,50000.0,Premium Offer
CUST_93,866,67295,19282,1,803315,Tech,3,0.2865294598409986,16823.75,Basic Offer
CUST_94,552,134352,23930,1,455804,Tech,26,0.17811420745504347,0.0,Not Eligible
CUST_95,779,103042,77,0,958182,Manufacturing,5,0.0007472681042681625,41216.8,Premium Offer
CUST_96,716,105999,40345,2,807038,Services,6,0.3806167982716818,0.0,Not Eligible
CUST_97,751,37955,20611,2,285806,Retail,21,0.543037807930444,0.0,Not Eligible
CUST_98,687,57841,16984,0,954586,Services,22,0.2936325443889283,14460.25,Basic Offer
CUST_99,879,90640,14060,0,757593,Manufacturing,8,0.15511915269196822,36256.0,Standard Offer
CUST_100,540,185983,17449,1,94738,Services,7,0.09382040294005366,0.0,Not Eligible
CUST_101,656,158429,18520,0,607685,Tech,21,0.1168977901773034,30000.0,Standard Offer
CUST_102,514,183551,43303,2,394333,Retail,10,0.23591808271270656,0.0,Not Eligible
CUST_103,800,81476,9510,0,388511,Manufacturing,6,0.11672148853650155,32590.4,Standard Offer
CUST_104,564,64811,29287,1,252332,Manufacturing,14,0.451883167980744,0.0,Not Eligible
CUST_105,844,187280,28173,1,432729,Manufacturing,4,0.15043250747543785,30000.0,Standard Offer
CUST_106,826,171222,39711,1,913051,Retail,28,0.23192697200126153,30000.0,Standard Offer
CUST_107,508,91180,11954,1,161453,Tech,25,0.13110331212985304,0.0,Not Eligible
CUST_108,843,194358,7804,1,69816,Manufacturing,13,0.04015270788956462,30000.0,Standard Offer
CUST_109,628,132856,6565,0,973780,Services,20,0.049414403564761844,0.0,Not Eligible
CUST_110,635,88450,5984,0,819299,Manufacturing,17,0.06765404183154325,0.0,Not Eligible
CUST_111,562,172424,21526,0,915962,Manufacturing,23,0.12484340927017121,0.0,Not Eligible
CUST_112,638,131888,37438,0,466715,Manufacturing,7,0.28386206478223946,0.0,Not Eligible
CUST_113,580,130448,18574,1,421000,Manufacturing,4,0.1423862381945296,0.0,Not Eligible
CUST_114,891,34397,9184,2,263567,Tech,29,0.2670000290723028,0.0,Not Eligible
CUST_115,662,192627,19096,0,564933,Services,14,0.09913459691528187,30000.0,Standard Offer
CUST_116,788,198031,2192,2,645923,Tech,3,0.0110689740495175,0.0,Not Eligible
CUST_117,878,151800,34016,0,944235,Services,24,0.22408432147562582,50000.0,Premium Offer
CUST_118,760,139180,11246,0,266184,Manufacturing,5,0.08080183934473344,50000.0,Premium Offer
CUST_119,730,86234,45558,2,348090,Retail,16,0.5283067003734025,0.0,Not Eligible
CUST_120,540,59954,18381,1,367348,Tech,26,0.30658504853721186,0.0,Not Eligible
CUST_121,527,198352,36455,0,232958,Retail,23,0.18378942486085342,0.0,Not Eligible
CUST_122,634,99459,26727,0,327707,Tech,20,0.26872379573492594,0.0,Not Eligible
CUST_123,700,167851,4018,0,142324,Manufacturing,4,0.023937897301773595,30000.0,Standard Offer
CUST_124,827,175538,11302,2,273536,Tech,24,0.06438491950460869,0.0,Not Eligible
CUST_125,767,188011,1970,1,807232,Manufacturing,24,0.010478110323332145,30000.0,Standard Offer
CUST_126,532,186342,41157,2,321991,Tech,2,0.22086808126992305,0.0,Not Eligible
CUST_127,547,79163,27202,2,76155,Manufacturing,18,0.3436201255637103,0.0,Not Eligible
CUST_128,561,71934,31110,1,391815,Manufacturing,19,0.4324797731253649,0.0,Not Eligible
CUST_129,715,183379,17586,2,691179,Services,28,0.09589974860807399,0.0,Not Eligible
CUST_130,792,74098,24519,1,919742,Manufacturing,28,0.3308996194229264,18524.5,Basic Offer
CUST_131,598,25486,31273,0,510494,Services,19,1.2270658400690575,0.0,Not Eligible
CUST_132,671,159407,21951,1,199381,Manufacturing,17,0.1377041158794783,30000.0,Standard Offer
CUST_133,859,106900,15374,0,181691,Retail,14,0.14381665107577174,42760.0,Premium Offer
CUST_134,713,146020,5788,2,526410,Manufacturing,19,0.03963840569784961,0.0,Not Eligible
CUST_135,534,122795,5408,2,493324,Retail,22,0.04404088114336903,0.0,Not Eligible
CUST_136,726,162202,25053,0,84707,Retail,24,0.1544555554185522,30000.0,Standard Offer
CUST_137,600,107508,9446,2,987841,Manufacturing,13,0.08786322878297428,0.0,Not Eligible
CUST_138,630,138324,922,1,568477,Retail,12,0.006665509962117926,0.0,Not Eligible
CUST_139,756,80566,33187,0,917969,Services,26,0.4119231437579128,32226.4,Standard Offer
CUST_140,504,47192,10789,2,771864,Tech,6,0.2286192575012714,0.0,Not Eligible
CUST_141,717,21062,32184,0,752974,Manufacturing,21,1.528060013294084,5265.5,Basic Offer
CUST_142,754,104076,1120,1,796788,Retail,4,0.010761366693570083,26019.0,Standard Offer
CUST_143,897,109780,44028,1,403299,Manufacturing,19,0.4010566587720896,27445.0,Standard Offer
CUST_144,858,172617,32154,2,836713,Services,16,0.18627365786683814,0.0,Not Eligible
CUST_145,782,41689,17334,1,208492,Manufacturing,13,0.4157931348797045,10422.25,Basic Offer
CUST_146,892,31174,2336,0,524112,Manufacturing,4,0.07493424007185476,12469.6,Basic Offer
CUST_147,706,108461,38141,1,220102,Retail,23,0.3516563557407732,27115.25,Standard Offer
CUST_148,514,146174,2243,0,444274,Services,17,0.015344726148289025,0.0,Not Eligible
CUST_149,845,123033,19029,0,267285,Tech,23,0.15466582136499962,49213.200000000004,Premium Offer
CUST_150,541,29348,32265,1,388404,Tech,1,1.099393485075644,0.0,Not Eligible
CUST_151,879,174786,37380,2,209476,Retail,18,0.2138615220898699,0.0,Not Eligible
CUST_152,678,58102,46714,1,808842,Manufacturing,20,0.8039998623111081,14525.5,Basic Offer
CUST_153,562,94460,43872,0,210928,Retail,17,0.46445056108405675,0.0,Not Eligible
CUST_154,851,122634,46197,0,714560,Retail,27,0.376706296785557,49053.600000000006,Premium Offer
CUST_155,730,109930,23710,1,900610,Retail,28,0.21568270717729465,27482.5,Standard Offer
CUST_156,740,26801,29486,2,346141,Manufacturing,27,1.100182828998918,0.0,Not Eligible
CUST_157,551,123150,6371,2,993115,Services,15,0.05173365814047909,0.0,Not Eligible
CUST_158,595,199208,6359,0,693561,Retail,11,0.031921408778763906,0.0,Not Eligible
CUST_159,887,174697,40631,0,746595,Manufacturing,25,0.23257983823419978,50000.0,Premium Offer
CUST_160,721,195333,35996,2,298500,Services,28,0.1842801779525221,0.0,Not Eligible
CUST_161,730,21542,20103,1,740417,Retail,22,0.9332002599572927,5385.5,Basic Offer
CUST_162,736,41677,14382,0,182311,Tech,13,0.3450824195599491,10419.25,Basic Offer
CUST_163,642,197804,18755,0,809034,Services,1,0.0948160805645993,0.0,Not Eligible
CUST_164,670,59081,35659,2,295546,Retail,17,0.6035612125725699,0.0,Not Eligible
CUST_165,528,113105,3756,1,246733,Services,6,0.03320808098669378,0.0,Not Eligible
CUST_166,535,39065,20609,2,701233,Services,4,0.527556636375272,0.0,Not Eligible
CUST_167,512,108092,48538,1,619560,Services,20,0.4490434074677127,0.0,Not Eligible
CUST_168,659,74693,16478,1,925825,Services,16,0.22060969568768157,18673.25,Basic Offer
CUST_169,826,46962,35442,1,897644,Services,15,0.7546952855500192,11740.5,Basic Offer
CUST_170,686,48295,39666,0,196470,Services,27,0.8213272595506781,12073.75,Basic Offer
CUST_171,742,33807,10147,2,694318,Retail,15,0.3001449403969592,0.0,Not Eligible
CUST_172,585,193420,33561,2,368647,Tech,6,0.17351359735291078,0.0,Not Eligible
CUST_173,783,177504,34884,1,974142,Manufacturing,15,0.19652514872904273,30000.0,Standard Offer
CUST_174,565,191334,5779,0,56570,Services,14,0.030203727513144554,0.0,Not Eligible
CUST_175,669,188152,12298,0,380929,Manufacturing,28,0.06536204770610995,30000.0,Standard Offer
CUST_176,544,152396,14153,2,583398,Retail,11,0.09286989159820468,0.0,Not Eligible
CUST_177,561,111267,43879,0,549115,Services,7,0.3943577161242776,0.0,Not Eligible
CUST_178,633,186981,10789,0,129141,Tech,9,0.05770104983928848,0.0,Not Eligible
CUST_179,783,39870,44165,1,62115,Manufacturing,26,1.1077251065964384,9967.5,Basic Offer
CUST_180,527,185650,12999,0,89062,Services,16,0.07001885267977377,0.0,Not Eligible
CUST_181,607,46790,814,1,859343,Retail,5,0.01739687967514426,0.0,Not Eligible
CUST_182,543,138874,49497,2,678349,Tech,25,0.3564166078603626,0.0,Not Eligible
CUST_183,839,45289,10541,0,344700,Manufacturing,20,0.23274967431385105,18115.600000000002,Basic Offer
CUST_184,785,35485,24938,2,440479,Manufacturing,29,0.7027758207693392,0.0,Not Eligible
CUST_185,830,64482,2443,2,576257,Services,10,0.037886541980707795,0.0,Not Eligible
CUST_186,627,106188,10457,0,880185,Tech,18,0.09847628733943571,0.0,Not Eligible
CUST_187,847,24748,10380,0,447686,Tech,3,0.4194278325521254,9899.2,Basic Offer
CUST_188,730,160507,7783,2,171863,Tech,13,0.04849009700511504,0.0,Not Eligible
CUST_189,689,23709,44241,0,846657,Tech,11,1.866000253068455,5927.25,Basic Offer
CUST_190,724,143961,17368,1,551076,Retail,17,0.12064378546967582,30000.0,Standard Offer
CUST_191,884,50355,15328,1,697296,Tech,22,0.3043987687419323,12588.75,Basic Offer
CUST_192,876,164188,26215,0,550726,Manufacturing,13,0.1596645309035983,50000.0,Premium Offer
CUST_193,782,176542,33595,2,728556,Manufacturing,6,0.19029466076061222,0.0,Not Eligible
CUST_194,620,193416,27306,0,680111,Retail,17,0.14117756545477106,0.0,Not Eligible
CUST_195,615,62918,19915,0,850101,Manufacturing,27,0.31652309355033537,0.0,Not Eligible
CUST_196,732,72224,39915,2,960830,Manufacturing,13,0.5526556269384139,0.0,Not Eligible
CUST_197,758,59298,37219,2,684965,Tech,19,0.62766029208405,0.0,Not Eligible
CUST_198,858,100219,15343,1,821246,Manufacturing,21,0.15309472255759884,25054.75,Standard Offer
CUST_199,697,81629,46403,2,98320,Retail,19,0.5684621886829435,0.0,Not Eligible
CUST_200,636,86040,38727,1,546758,Tech,10,0.45010460251046025,0.0,Not Eligible
CUST_201,817,48016,126,2,196649,Services,3,0.002624125291569477,0.0,Not Eligible
CUST_202,664,43960,27632,0,175354,Tech,14,0.6285714285714286,10990.0,Basic Offer
CUST_203,724,53591,41563,1,662297,Retail,26,0.7755593289918083,13397.75,Basic Offer
CUST_204,806,123333,44409,1,831725,Tech,19,0.3600739461458004,30000.0,Standard Offer
CUST_205,733,134821,20530,1,498625,Tech,5,0.15227598074483945,30000.0,Standard Offer
CUST_206,671,56395,39964,0,78625,Retail,29,0.7086443833673198,14098.75,Basic Offer
CUST_207,651,149695,44327,0,786400,Tech,5,0.29611543471725843,30000.0,Standard Offer
CUST_208,814,173772,3368,0,336233,Retail,20,0.01938171857376332,50000.0,Premium Offer
CUST_209,873,54620,3797,0,86487,Retail,17,0.06951666056389601,21848.0,Standard Offer
CUST_210,659,148148,47882,0,509054,Services,21,0.3232038232038232,30000.0,Standard Offer
CUST_211,595,40559,13718,1,278071,Manufacturing,10,0.3382233289775389,0.0,Not Eligible
CUST_212,732,113396,34560,0,946880,Manufacturing,5,0.30477265512011004,28349.0,Standard Offer
CUST_213,679,41732,11053,1,538011,Tech,4,0.2648567046870507,10433.0,Basic Offer
CUST_214,612,111362,22116,0,362282,Tech,6,0.1985955712002299,0.0,Not Eligible
CUST_215,817,181426,36244,2,223895,Services,26,0.19977291016723073,0.0,Not Eligible
CUST_216,551,33843,36185,1,480424,Services,4,1.069201902904589,0.0,Not Eligible
CUST_217,767,134065,1645,2,366205,Services,7,0.012270167456084734,0.0,Not Eligible
CUST_218,794,91726,47523,1,998163,Retail,7,0.5180973769705427,22931.5,Standard Offer
CUST_219,885,37640,19256,2,151376,Services,18,0.5115834218916047,0.0,Not Eligible
CUST_220,886,72528,35840,0,475106,Services,3,0.4941539819104346,29011.2,Standard Offer
CUST_221,612,58413,34622,0,915566,Tech,1,0.592710526766302,0.0,Not Eligible
CUST_222,600,72638,37430,0,883487,Services,24,0.515295024642749,0.0,Not Eligible
CUST_223,612,130133,39282,1,817629,Retail,25,0.30186040435554395,0.0,Not Eligible
CUST_224,580,126357,2708,2,331652,Retail,4,0.021431341358215214,0.0,Not Eligible
CUST_225,686,170159,11694,0,522132,Tech,6,0.0687239581802902,30000.0,Standard Offer
CUST_226,612,192502,9524,2,208056,Services,9,0.04947481065131791,0.0,Not Eligible
CUST_227,501,175576,31880,2,684457,Services,22,0.18157379140657037,0.0,Not Eligible
CUST_228,629,158186,39224,0,844557,Retail,14,0.24796126079425487,0.0,Not Eligible
CUST_229,719,98859,36980,0,610347,Services,28,0.3740681172174511,24714.75,Standard Offer
CUST_230,553,119657,32409,2,512785,Services,12,0.27084917723158697,0.0,Not Eligible
CUST_231,842,162047,13224,0,677697,Services,28,0.08160595382821033,50000.0,Premium Offer
CUST_232,723,31023,40738,0,984591,Manufacturing,25,1.3131547561486638,7755.75,Basic Offer
CUST_233,724,41447,25150,0,549653,Tech,20,0.6067990445629358,10361.75,Basic Offer
CUST_234,884,145899,49688,1,579992,Manufacturing,24,0.3405643630182523,30000.0,Standard Offer
CUST_235,625,43959,34393,2,778744,Tech,25,0.7823881343979617,0.0,Not Eligible
CUST_236,629,86203,43082,2,792488,Retail,4,0.49977378977529785,0.0,Not Eligible
CUST_237,552,139156,7973,1,685567,Services,21,0.05729540946851016,0.0,Not Eligible
CUST_238,671,180775,8577,2,732568,Tech,24,0.04744571981745264,0.0,Not Eligible
CUST_239,717,29337,8070,0,692804,Manufacturing,12,0.2750792514572042,7334.25,Basic Offer
CUST_240,659,66427,8666,2,572828,Services,10,0.13045900010537884,0.0,Not Eligible
CUST_241,697,81529,36368,0,528366,Retail,22,0.4460744029731752,20382.25,Standard Offer
CUST_242,746,122023,6783,1,771384,Tech,28,0.05558788097325914,30000.0,Standard Offer
CUST_243,823,104665,45994,0,469139,Tech,7,0.4394401184732241,41866.0,Premium Offer
CUST_244,702,125787,41914,2,569777,Tech,3,0.33321408412634057,0.0,Not Eligible
CUST_245,683,182993,4971,2,426188,Services,23,0.027164973523577406,0.0,Not Eligible
CUST_246,622,53307,13490,2,282549,Manufacturing,28,0.2530624495844823,0.0,Not Eligible
CUST_247,754,178427,45719,1,603453,Manufacturing,14,0.2562336417694631,30000.0,Standard Offer
CUST_248,793,147016,45080,1,641491,Tech,24,0.30663329161451813,30000.0,Standard Offer
CUST_249,779,24835,1990,2,534965,Retail,10,0.08012885041272398,0.0,Not Eligible
CUST_250,824,40159,5299,0,840546,Retail,16,0.13195049677531812,16063.6,Basic Offer
CUST_251,871,198677,45765,1,86321,Manufacturing,16,0.2303487570277385,30000.0,Standard Offer
CUST_252,597,141790,19956,2,385441,Retail,22,0.1407433528457578,0.0,Not Eligible
CUST_253,697,125616,22359,2,933084,Manufacturing,10,0.17799484142147498,0.0,Not Eligible
CUST_254,894,189160,46240,1,935736,Tech,25,0.24444914358215267,30000.0,Standard Offer
CUST_255,739,98752,37148,1,295014,Manufacturing,13,0.3761746597537265,24688.0,Standard Offer
CUST_256,643,75284,28734,1,206498,Manufacturing,6,0.3816747250411774,0.0,Not Eligible
CUST_257,596,77043,4757,0,67772,Tech,12,0.0617447399504173,0.0,Not Eligible
CUST_258,700,186619,19097,0,940186,Retail,9,0.10233148821931315,30000.0,Standard Offer
CUST_259,623,117007,10395,2,840144,Manufacturing,13,0.08884083858230704,0.0,Not Eligible
CUST_260,686,102844,16241,1,444583,Manufacturing,4,0.1579187896231185,25711.0,Standard Offer
CUST_261,825,47532,38356,0,288389,Tech,24,0.8069511066229067,19012.8,Basic Offer
CUST_262,848,185421,27696,1,689430,Retail,11,0.1493681945410714,30000.0,Standard Offer
CUST_263,758,142402,4944,2,666024,Manufacturing,20,0.034718613502619344,0.0,Not Eligible
CUST_264,647,138012,46163,0,101924,Tech,18,0.33448540706605223,0.0,Not Eligible
CUST_265,751,196517,19816,0,578014,Manufacturing,26,0.10083605998463237,50000.0,Premium Offer
CUST_266,845,156785,49840,0,401296,Services,11,0.3178875530184648,50000.0,Premium Offer
CUST_267,646,76178,37011,2,77723,Tech,25,0.4858489327627399,0.0,Not Eligible
CUST_268,647,69407,24917,1,963401,Retail,21,0.3589983719221404,0.0,Not Eligible
CUST_269,851,70990,31195,0,808470,Retail,4,0.43942808846316384,28396.0,Standard Offer
CUST_270,698,149473,21566,2,936926,Retail,18,0.14428023790249744,0.0,Not Eligible
CUST_271,807,78141,9916,1,714468,Retail,1,0.12689881112348192,19535.25,Basic Offer
CUST_272,627,174865,20806,2,258786,Manufacturing,27,0.11898321562348096,0.0,Not Eligible
CUST_273,538,76570,9984,1,609931,Manufacturing,7,0.13039049235993208,0.0,Not Eligible
CUST_274,837,188964,1759,2,736684,Retail,6,0.009308651383332275,0.0,Not Eligible
CUST_275,859,21015,41949,1,940328,Retail,15,1.9961456102783726,5253.75,Basic Offer
CUST_276,628,81813,26838,0,264432,Retail,18,0.328040775915808,0.0,Not Eligible
CUST_277,766,47712,2482,1,189999,Manufacturing,24,0.05202045606975184,11928.0,Basic Offer
CUST_278,650,120497,24442,2,930112,Retail,11,0.2028432243126385,0.0,Not Eligible
CUST_279,797,159487,33719,2,408690,Retail,20,0.21142162057095562,0.0,Not Eligible
CUST_280,598,132816,27965,1,989947,Services,24,0.21055445127093123,0.0,Not Eligible
CUST_281,762,148778,2079,0,129973,Services,15,0.013973840218311847,50000.0,Premium Offer
CUST_282,751,82292,2717,0,899881,Retail,16,0.03301657512273368,32916.8,Standard Offer
CUST_283,643,43833,27952,1,684122,Tech,7,0.6376930623046563,0.0,Not Eligible
CUST_284,845,155230,20908,1,810674,Retail,21,0.1346904593184307,30000.0,Standard Offer
CUST_285,611,40309,42460,2,503449,Services,10,1.0533627725818056,0.0,Not Eligible
CUST_286,559,26970,24861,0,337681,Tech,26,0.9218020022246941,0.0,Not Eligible
CUST_287,868,92474,7311,1,544509,Tech,12,0.07906006012500812,23118.5,Standard Offer
CUST_288,501,66540,28071,0,914008,Retail,24,0.4218665464382326,0.0,Not Eligible
CUST_289,884,171456,23570,1,681810,Services,14,0.1374696715192236,30000.0,Standard Offer
CUST_290,803,38017,18449,1,596900,Services,25,0.4852828997553726,9504.25,Basic Offer
CUST_291,753,95880,33536,0,275049,Tech,5,0.34977054651647893,38352.0,Standard Offer
CUST_292,639,125570,38258,1,318615,Retail,26,0.30467468344349763,0.0,Not Eligible
CUST_293,536,28702,48302,1,216703,Manufacturing,21,1.6828792418646785,0.0,Not Eligible
CUST_294,659,151456,28865,2,814357,Manufacturing,18,0.19058340376082822,0.0,Not Eligible
CUST_295,508,20404,6645,1,797419,Services,5,0.32567143697314255,0.0,Not Eligible
CUST_296,732,192015,38000,1,81348,Manufacturing,3,0.19790120563497643,30000.0,Standard Offer
CUST_297,598,198998,26737,1,245804,Services,23,0.13435813425260557,0.0,Not Eligible
CUST_298,646,180261,11485,2,837609,Services,26,0.06371317145694298,0.0,Not Eligible
CUST_299,803,32763,38565,0,185832,Services,5,1.1770900100723376,13105.2,Basic Offer
CUST_300,707,169456,25522,2,344923,Manufacturing,24,0.1506113681427627,0.0,Not Eligible
CUST_301,630,118142,12342,2,333780,Services,17,0.10446750520560004,0.0,Not Eligible
CUST_302,651,160932,40806,0,656177,Tech,19,0.2535605100290806,30000.0,Standard Offer
CUST_303,553,100642,48770,2,103551,Retail,19,0.48458893901154587,0.0,Not Eligible
CUST_304,619,70612,13087,0,454772,Retail,25,0.18533676995411544,0.0,Not Eligible
CUST_305,660,43574,37641,2,995102,Services,21,0.8638408225088355,0.0,Not Eligible
CUST_306,615,43524,34249,0,716923,Retail,12,0.7868991820604724,0.0,Not Eligible
CUST_307,574,30916,10093,1,621107,Manufacturing,25,0.32646526070643034,0.0,Not Eligible
CUST_308,612,24809,47190,2,385914,Manufacturing,29,1.9021322907009552,0.0,Not Eligible
CUST_309,603,183273,16438,2,470182,Retail,9,0.08969133478472006,0.0,Not Eligible
CUST_310,839,164528,40411,2,262781,Manufacturing,1,0.24561776718856365,0.0,Not Eligible
CUST_311,753,141288,26399,2,503105,Retail,18,0.18684530887265727,0.0,Not Eligible
CUST_312,726,58765,19846,1,732347,Retail,21,0.3377180294392921,14691.25,Basic Offer
CUST_313,611,185888,15708,2,915146,Retail,4,0.08450249612669995,0.0,Not Eligible
CUST_314,598,65106,44039,1,763708,Services,10,0.6764199920130249,0.0,Not Eligible
CUST_315,652,73932,49984,1,598884,Retail,25,0.676080722826381,18483.0,Basic Offer
CUST_316,848,168172,45368,1,900538,Services,7,0.26977142449397046,30000.0,Standard Offer
CUST_317,883,77091,10998,1,109182,Retail,22,0.14266256761489668,19272.75,Basic Offer
CUST_318,865,41949,47063,0,399307,Retail,23,1.1219099382583613,16779.600000000002,Basic Offer
CUST_319,837,57744,30678,0,351454,Retail,1,0.5312759767248545,23097.600000000002,Standard Offer
CUST_320,693,196615,10682,2,368232,Manufacturing,17,0.05432952724868398,0.0,Not Eligible
CUST_321,809,128319,49148,0,703091,Services,24,0.38301420678153664,50000.0,Premium Offer
CUST_322,662,112193,8519,0,189978,Services,29,0.07593165348996818,28048.25,Standard Offer
CUST_323,707,56187,31480,2,873346,Retail,29,0.5602719490273551,0.0,Not Eligible
CUST_324,668,158311,19694,2,946782,Retail,2,0.12440070494153913,0.0,Not Eligible
CUST_325,660,144454,3300,2,619667,Manufacturing,28,0.022844642585182828,0.0,Not Eligible
CUST_326,567,34489,6722,0,521828,Manufacturing,26,0.1949027226072081,0.0,Not Eligible
CUST_327,788,81877,39986,0,820188,Manufacturing,11,0.48836669638604246,32750.800000000003,Standard Offer
CUST_328,897,194197,24160,2,308517,Services,9,0.12440974886326771,0.0,Not Eligible
CUST_329,776,69922,20059,1,490097,Services,7,0.2868768055833643,17480.5,Basic Offer
CUST_330,803,114074,35822,2,358557,Services,22,0.31402422988586354,0.0,Not Eligible
CUST_331,883,183121,13575,1,187084,Retail,17,0.07413131208326734,30000.0,Standard Offer
CUST_332,891,57131,7970,1,755475,Services,17,0.1395039470690168,14282.75,Basic Offer
CUST_333,634,194016,34911,2,843583,Tech,2,0.17993876793666502,0.0,Not Eligible
CUST_334,694,135765,21591,2,632004,Tech,6,0.15903215114352004,0.0,Not Eligible
CUST_335,627,93963,31821,2,930179,Manufacturing,14,0.33865457680150696,0.0,Not Eligible
CUST_336,532,126884,9503,0,798013,Services,6,0.07489517984931118,0.0,Not Eligible
CUST_337,675,145917,47917,1,741738,Tech,2,0.32838531493931483,30000.0,Standard Offer
CUST_338,870,44285,18922,0,748012,Manufacturing,1,0.4272778593203116,17714.0,Basic Offer
CUST_339,874,57626,12175,0,253502,Services,10,0.21127616006663658,23050.4,Standard Offer
CUST_340,521,193880,41124,2,194539,Retail,21,0.21211058386630904,0.0,Not Eligible
CUST_341,737,39198,21389,0,474226,Tech,5,0.5456655951834277,9799.5,Basic Offer
CUST_342,657,170830,47838,2,571863,Retail,2,0.2800327811274366,0.0,Not Eligible
CUST_343,537,35254,822,1,171999,Services,22,0.023316503091847733,0.0,Not Eligible
CUST_344,729,64238,17327,2,164793,Tech,16,0.2697313116846726,0.0,Not Eligible
CUST_345,864,21252,47057,0,507373,Services,25,2.214238659890834,8500.800000000001,Basic Offer
CUST_346,550,59764,6150,0,420321,Retail,2,0.10290475871762265,0.0,Not Eligible
CUST_347,763,97709,4425,2,62289,Tech,10,0.04528753748375278,0.0,Not Eligible
CUST_348,782,188513,16032,2,750336,Retail,2,0.08504453273779528,0.0,Not Eligible
CUST_349,526,73682,2198,0,748956,Services,16,0.029830894926847807,0.0,Not Eligible
CUST_350,725,79494,20079,1,990675,Services,16,0.25258510076232166,19873.5,Basic Offer
CUST_351,776,101317,36220,1,805801,Retail,19,0.3574918325651174,25329.25,Standard Offer
CUST_352,785,85215,41874,2,307368,Tech,29,0.491392360499912,0.0,Not Eligible
CUST_353,596,98587,13859,1,136365,Retail,7,0.14057634373700387,0.0,Not Eligible
CUST_354,783,26949,31419,0,804950,Services,22,1.1658688634086607,10779.6,Basic Offer
CUST_355,866,75393,8705,2,950446,Retail,12,0.11546164763306939,0.0,Not Eligible
CUST_356,816,158013,42880,0,225211,Services,24,0.27137007714555134,50000.0,Premium Offer
CUST_357,803,45934,23236,0,229785,Retail,15,0.5058562285017634,18373.600000000002,Basic Offer
CUST_358,646,174458,22419,1,997238,Tech,8,0.12850657464833942,0.0,Not Eligible
CUST_359,503,95745,19978,2,122588,Tech,6,0.20865841558305917,0.0,Not Eligible
CUST_360,534,114456,37609,2,113646,Retail,28,0.3285891521632767,0.0,Not Eligible
CUST_361,691,73413,15358,1,315798,Retail,27,0.20920000544862627,18353.25,Basic Offer
CUST_362,548,117239,34177,0,532238,Tech,10,0.29151562193468045,0.0,Not Eligible
CUST_363,516,62318,29378,0,855175,Services,3,0.4714207773035078,0.0,Not Eligible
CUST_364,671,90390,37334,0,884800,Tech,19,0.41303241509016486,22597.5,Standard Offer
CUST_365,719,63088,11382,0,795385,Services,17,0.1804146588891707,15772.0,Basic Offer
CUST_366,657,123196,14596,2,779532,Retail,7,0.11847787265820318,0.0,Not Eligible
CUST_367,545,190883,33572,2,973945,Retail,21,0.17587736990722067,0.0,Not Eligible
CUST_368,872,75479,13221,1,169735,Services,20,0.17516130314392084,18869.75,Basic Offer
CUST_369,505,39963,1279,1,205683,Retail,26,0.03200460425893952,0.0,Not Eligible
CUST_370,598,75123,45960,2,956323,Services,4,0.6117966534882793,0.0,Not Eligible
CUST_371,879,145911,7083,2,682259,Manufacturing,14,0.04854329008779324,0.0,Not Eligible
CUST_372,732,122468,43861,0,586437,Tech,20,0.3581425351928667,30000.0,Standard Offer
CUST_373,536,93477,17771,0,412246,Manufacturing,22,0.1901109363800721,0.0,Not Eligible
CUST_374,779,34388,29975,1,371333,Services,15,0.8716703501221357,8597.0,Basic Offer
CUST_375,848,25569,45648,2,813264,Tech,24,1.7852868708201337,0.0,Not Eligible
CUST_376,801,89836,48285,1,989179,Services,8,0.5374794069192751,22459.0,Standard Offer
CUST_377,680,124573,19063,2,907463,Tech,21,0.15302673934159086,0.0,Not Eligible
CUST_378,594,187658,2106,0,616956,Tech,15,0.011222543136983235,0.0,Not Eligible
CUST_379,598,163087,24557,1,456889,Tech,22,0.15057607289360894,0.0,Not Eligible
CUST_380,687,65002,48854,1,662492,Tech,20,0.7515768745577059,16250.5,Basic Offer
CUST_381,615,157326,20607,2,261830,Services,28,0.13098280004576485,0.0,Not Eligible
CUST_382,690,168216,37599,0,246501,Tech,14,0.2235161934655443,30000.0,Standard Offer
CUST_383,752,175286,28529,1,466885,Tech,27,0.16275686592197894,30000.0,Standard Offer
CUST_384,660,157162,35954,0,215140,Manufacturing,29,0.22877031343454524,30000.0,Standard Offer
CUST_385,755,162709,27856,1,794149,Retail,9,0.17120134719038282,30000.0,Standard Offer
CUST_386,822,173487,2573,0,190507,Retail,8,0.014831082444217722,50000.0,Premium Offer
CUST_387,627,44071,12808,2,275160,Manufacturing,26,0.29062195094279686,0.0,Not Eligible
CUST_388,517,78243,35367,1,233321,Manufacturing,28,0.4520148767301867,0.0,Not Eligible
CUST_389,780,145827,36801,1,611672,Services,26,0.25236067394926864,30000.0,Standard Offer
CUST_390,722,128215,41196,0,571998,Services,17,0.32130405958741176,30000.0,Standard Offer
CUST_391,553,192312,34072,0,656217,Services,2,0.17717043138233704,0.0,Not Eligible
CUST_392,557,121570,23752,1,964391,Manufacturing,25,0.19537714896767294,0.0,Not Eligible
CUST_393,822,184506,17685,2,650441,Manufacturing,24,0.09585054144580664,0.0,Not Eligible
CUST_394,859,89724,41401,0,809416,Tech,3,0.46142615130845704,35889.6,Standard Offer
CUST_395,673,135359,11372,0,125388,Services,8,0.08401362303208505,30000.0,Standard Offer
CUST_396,779,95697,8996,0,605689,Services,12,0.09400503673051402,38278.8,Standard Offer
CUST_397,613,48732,16458,1,568727,Services,1,0.33772469835016006,0.0,Not Eligible
CUST_398,787,141465,31889,1,777191,Retail,10,0.22541971512388223,30000.0,Standard Offer
CUST_399,841,162386,26665,1,693791,Tech,20,0.16420750557314054,30000.0,Standard Offer
CUST_400,650,175026,38243,1,282601,Services,3,0.2184989658679282,0.0,Not Eligible
CUST_401,626,77108,31653,2,177834,Services,6,0.4105021528246096,0.0,Not Eligible
CUST_402,654,131195,26657,2,84084,Services,7,0.20318609703113685,0.0,Not Eligible
CUST_403,885,123081,39952,1,301459,Retail,20,0.3245992476499216,30000.0,Standard Offer
CUST_404,772,56668,22180,2,684929,Retail,23,0.3914025552339945,0.0,Not Eligible
CUST_405,603,43061,31896,0,155111,Manufacturing,25,0.7407166577645665,0.0,Not Eligible
CUST_406,892,99252,12875,0,499042,Tech,27,0.1297203079031153,39700.8,Standard Offer
CUST_407,798,59749,1622,0,479667,Manufacturing,18,0.02714689785603106,23899.600000000002,Standard Offer
CUST_408,745,150560,48756,1,712587,Tech,11,0.3238310308182784,30000.0,Standard Offer
CUST_409,675,124680,40809,0,212982,Retail,19,0.32730991337824833,30000.0,Standard Offer
CUST_410,538,167979,16725,2,348185,Services,5,0.09956601718071902,0.0,Not Eligible
CUST_411,669,169849,40760,1,925352,Manufacturing,19,0.23997786268980095,30000.0,Standard Offer
CUST_412,746,71745,15646,2,377825,Services,11,0.2180779148372709,0.0,Not Eligible
CUST_413,525,128464,17029,0,284386,Manufacturing,24,0.13255853780047328,0.0,Not Eligible
CUST_414,854,111865,29402,0,393715,Retail,12,0.26283466678585793,44746.0,Premium Offer
CUST_415,805,132428,4263,0,246553,Retail,10,0.03219107741565228,50000.0,Premium Offer
CUST_416,512,43624,30987,1,511792,Retail,8,0.7103200073354117,0.0,Not Eligible
CUST_417,815,43321,46828,2,551174,Manufacturing,24,1.0809538099305187,0.0,Not Eligible
CUST_418,890,161560,47924,1,834625,Tech,28,0.2966328299083932,30000.0,Standard Offer
CUST_419,812,42574,8646,1,701844,Manufacturing,28,0.20308169305209753,10643.5,Basic Offer
CUST_420,535,156312,27529,0,245246,Tech,9,0.17611571728338196,0.0,Not Eligible
CUST_421,672,194293,11664,1,600448,Manufacturing,4,0.06003304287853911,30000.0,Standard Offer
CUST_422,519,161550,35737,1,296242,Manufacturing,5,0.2212132466728567,0.0,Not Eligible
CUST_423,820,170334,35796,0,561083,Retail,21,0.2101518193666561,50000.0,Premium Offer
CUST_424,763,138831,24027,1,67633,Services,8,0.17306653413142598,30000.0,Standard Offer
CUST_425,899,155504,29373,0,853446,Services,23,0.1888890317933944,50000.0,Premium Offer
CUST_426,641,115257,36397,0,916964,Tech,9,0.3157899303296112,0.0,Not Eligible
CUST_427,870,84291,20609,0,99104,Services,15,0.2444982263824133,33716.4,Standard Offer
CUST_428,642,147600,35835,0,913663,Manufacturing,15,0.24278455284552847,0.0,Not Eligible
CUST_429,591,70428,38709,1,118388,Manufacturing,16,0.5496251490884307,0.0,Not Eligible
CUST_430,853,151374,19250,0,590302,Retail,14,0.12716847014678875,50000.0,Premium Offer
CUST_431,821,151127,21172,0,142578,Retail,8,0.14009409304756926,50000.0,Premium Offer
CUST_432,787,131317,11555,1,739115,Services,18,0.0879931768164061,30000.0,Standard Offer
CUST_433,714,159789,21874,1,614678,Tech,10,0.13689302768025333,30000.0,Standard Offer
CUST_434,841,147449,13081,2,335855,Services,28,0.08871542024700066,0.0,Not Eligible
CUST_435,550,48699,24063,1,141658,Services,20,0.49411692231873344,0.0,Not Eligible
CUST_436,652,93686,6819,1,107993,Services,6,0.07278568836325598,23421.5,Standard Offer
CUST_437,685,87661,25712,2,255768,Services,12,0.2933117349790671,0.0,Not Eligible
CUST_438,562,64247,24762,1,208285,Manufacturing,2,0.3854187744174825,0.0,Not Eligible
CUST_439,689,167820,11046,1,821148,Tech,7,0.06582052198784412,30000.0,Standard Offer
CUST_440,624,125113,31463,1,501000,Manufacturing,16,0.25147666509475436,0.0,Not Eligible
CUST_441,649,24621,28769,1,843853,Tech,3,1.168474066853499,0.0,Not Eligible
CUST_442,813,166106,23150,2,792296,Retail,13,0.1393688367668838,0.0,Not Eligible
CUST_443,557,156198,2711,1,592015,Services,3,0.017356176135417865,0.0,Not Eligible
CUST_444,841,156194,4853,1,948850,Manufacturing,27,0.03107033560828201,30000.0,Standard Offer
CUST_445,804,38030,29077,2,578646,Tech,18,0.7645805942676834,0.0,Not Eligible
CUST_446,679,102838,23863,0,377252,Retail,11,0.23204457496256248,25709.5,Standard Offer
CUST_447,669,104717,21792,2,307681,Retail,8,0.20810374628761327,0.0,Not Eligible
CUST_448,825,58638,40483,0,144018,Services,6,0.6903884852825812,23455.2,Standard Offer
CUST_449,770,87067,8942,2,436601,Tech,1,0.10270251645284666,0.0,Not Eligible
CUST_450,553,138033,48275,2,999621,Manufacturing,28,0.3497352082473032,0.0,Not Eligible
CUST_451,600,125977,48594,1,344054,Services,1,0.3857370789906094,0.0,Not Eligible
CUST_452,763,108869,1762,0,701176,Manufacturing,23,0.016184588817753448,43547.600000000006,Premium Offer
CUST_453,552,125186,31987,1,279104,Retail,8,0.2555157925007589,0.0,Not Eligible
CUST_454,559,54674,15850,0,892186,Manufacturing,5,0.28990013534769726,0.0,Not Eligible
CUST_455,607,186926,12112,2,243510,Manufacturing,28,0.06479569455292469,0.0,Not Eligible
CUST_456,504,66271,24058,2,159847,Services,16,0.3630245507084547,0.0,Not Eligible
CUST_457,602,93688,45420,0,996875,Manufacturing,11,0.4848006148065921,0.0,Not Eligible
CUST_458,695,189590,38890,1,494717,Services,5,0.20512685268210348,30000.0,Standard Offer
CUST_459,761,131076,481,1,504162,Retail,4,0.003669626781409259,30000.0,Standard Offer
CUST_460,864,161339,47304,1,874899,Services,6,0.2931963133526302,30000.0,Standard Offer
CUST_461,871,21062,32921,1,985129,Services,14,1.5630519418858608,5265.5,Basic Offer
CUST_462,849,70448,40385,2,346037,Tech,22,0.5732597092891211,0.0,Not Eligible
CUST_463,546,115462,1524,2,126329,Manufacturing,19,0.013199147771561207,0.0,Not Eligible
CUST_464,854,157301,34888,2,81007,Retail,9,0.22179134271237946,0.0,Not Eligible
CUST_465,810,67915,15048,2,744892,Services,12,0.22157108149893248,0.0,Not Eligible
CUST_466,807,24632,35111,2,366397,Retail,11,1.4254222150048717,0.0,Not Eligible
CUST_467,643,124592,37904,1,62323,Tech,14,0.304224990368563,0.0,Not Eligible
CUST_468,768,154668,34008,1,947767,Manufacturing,23,0.21987741484987197,30000.0,Standard Offer
CUST_469,869,129779,60,1,162356,Services,16,0.00046232441304063063,30000.0,Standard Offer
CUST_470,623,157240,9130,1,685232,Manufacturing,1,0.058064105825489695,0.0,Not Eligible
CUST_471,605,128099,18023,2,254451,Tech,13,0.14069586803956316,0.0,Not Eligible
CUST_472,657,27561,45080,2,981714,Tech,23,1.635644570226044,0.0,Not Eligible
CUST_473,646,102152,13350,2,328600,Retail,21,0.1306876027880022,0.0,Not Eligible
CUST_474,644,145036,24354,0,605655,Services,21,0.1679169309688629,0.0,Not Eligible
CUST_475,619,144049,45186,1,104624,Retail,13,0.31368492665690145,0.0,Not Eligible
CUST_476,818,46734,28145,1,453322,Tech,2,0.6022381991697693,11683.5,Basic Offer
CUST_477,774,157443,34020,2,284565,Manufacturing,4,0.21607819972942588,0.0,Not Eligible
CUST_478,591,46069,20587,1,118008,Retail,28,0.4468731685081074,0.0,Not Eligible
CUST_479,557,32910,41131,1,962358,Retail,6,1.2498024916438772,0.0,Not Eligible
CUST_480,845,93479,9650,2,427539,Manufacturing,26,0.10323174188855251,0.0,Not Eligible
CUST_481,728,101264,19933,0,166492,Retail,27,0.19684191815452678,25316.0,Standard Offer
CUST_482,616,43275,20581,0,122240,Manufacturing,23,0.47558636626227613,0.0,Not Eligible
CUST_483,817,92274,23393,0,376459,Services,27,0.2535167002622624,36909.6,Standard Offer
CUST_484,778,120776,23051,2,775947,Manufacturing,5,0.19085745512353447,0.0,Not Eligible
CUST_485,626,68447,26212,1,322900,Services,25,0.3829532338889944,0.0,Not Eligible
CUST_486,892,185601,49082,2,511227,Manufacturing,3,0.2644490062014752,0.0,Not Eligible
CUST_487,895,146394,4090,2,348522,Tech,1,0.02793830348238316,0.0,Not Eligible
CUST_488,628,95703,6960,1,185327,Tech,4,0.07272499294692956,0.0,Not Eligible
CUST_489,557,96090,35772,0,981988,Services,25,0.37227599125819544,0.0,Not Eligible
CUST_490,621,37260,21520,0,699991,Services,20,0.5775630703166935,0.0,Not Eligible
CUST_491,500,132581,49481,2,892981,Tech,2,0.3732133563632798,0.0,Not Eligible
CUST_492,738,23812,36408,0,215575,Services,26,1.528976986393415,5953.0,Basic Offer
CUST_493,789,179096,28470,2,910226,Manufacturing,5,0.15896502434448564,0.0,Not Eligible
CUST_494,595,136148,20491,2,549499,Manufacturing,3,0.15050533243235303,0.0,Not Eligible
CUST_495,625,178357,1341,1,543948,Tech,29,0.00751862836894543,0.0,Not Eligible
CUST_496,617,136421,44623,1,357257,Retail,28,0.32709773421980487,0.0,Not Eligible
CUST_497,547,21605,24791,1,648357,Manufacturing,29,1.1474658643832447,0.0,Not Eligible
CUST_498,588,92303,338,2,279189,Services,9,0.0036618528108512184,0.0,Not Eligible
CUST_499,736,178211,5895,1,448465,Retail,20,0.033078766181661064,30000.0,Standard Offer
CUST_500,872,96125,12254,0,301051,Retail,6,0.12747984395318596,38450.0,Standard Offer
